sku_id,file,barcode,product,url,licence
RICE_1KG,RICE_1KG_1.jpg,8901537074231,Daawat Pulav Basmati Rice 1 kg,https://images.openfoodfacts.org/images/products/890/153/707/4231/1.400.jpg,"CC BY-SA 3.0, Open Food Facts contributors"
RICE_5KG,RICE_5KG_2.jpg,8901537007116,Daawat Rozana Basmati Rice 5 kg,https://images.openfoodfacts.org/images/products/890/153/700/7116/2.400.jpg,"CC BY-SA 3.0, Open Food Facts contributors"
DAL_1KG,DAL_1KG_2.jpg,8904043926216,Tata Sampann Unpolished Toor Dal 1 kg,https://images.openfoodfacts.org/images/products/890/404/392/6216/2.400.jpg,"CC BY-SA 3.0, Open Food Facts contributors"
DAL_500G,DAL_500G_1.jpg,18902901224726,Good Life Toor Dal 500 g,https://images.openfoodfacts.org/images/products/189/029/012/24726/1.400.jpg,"CC BY-SA 3.0, Open Food Facts contributors"
ATTA_5KG,ATTA_5KG_1.jpg,8906000210314,Pillsbury Chakki Fresh Atta 5 kg,https://images.openfoodfacts.org/images/products/890/600/021/0314/1.400.jpg,"CC BY-SA 3.0, Open Food Facts contributors"
ATTA_5KG,ATTA_5KG_2.jpg,8906000210314,Pillsbury Chakki Fresh Atta 5 kg,https://images.openfoodfacts.org/images/products/890/600/021/0314/2.400.jpg,"CC BY-SA 3.0, Open Food Facts contributors"
SUGAR_1KG,SUGAR_1KG_8.jpg,8906009011301,Parry's White Label Sugar 1 kg,https://images.openfoodfacts.org/images/products/890/600/901/1301/8.400.jpg,"CC BY-SA 3.0, Open Food Facts contributors"
SALT_1KG,SALT_1KG_1.jpg,8904043901015,Tata Salt 1 kg,https://images.openfoodfacts.org/images/products/890/404/390/1015/1.400.jpg,"CC BY-SA 3.0, Open Food Facts contributors"
SALT_1KG,SALT_1KG_2.jpg,8904043901015,Tata Salt 1 kg,https://images.openfoodfacts.org/images/products/890/404/390/1015/2.400.jpg,"CC BY-SA 3.0, Open Food Facts contributors"
SALT_1KG,SALT_1KG_6.jpg,8904043901015,Tata Salt 1 kg,https://images.openfoodfacts.org/images/products/890/404/390/1015/6.400.jpg,"CC BY-SA 3.0, Open Food Facts contributors"
OIL_1L,OIL_1L_1.jpg,8906007280242,Fortune Sunlite Refined Sunflower Oil 1 L,https://images.openfoodfacts.org/images/products/890/600/728/0242/1.400.jpg,"CC BY-SA 3.0, Open Food Facts contributors"
OIL_1L,OIL_1L_7.jpg,8906007280242,Fortune Sunlite Refined Sunflower Oil 1 L,https://images.openfoodfacts.org/images/products/890/600/728/0242/7.400.jpg,"CC BY-SA 3.0, Open Food Facts contributors"
TEA_250G,TEA_250G_1.jpg,8901030456381,Brooke Bond Taaza Tea 250 g,https://images.openfoodfacts.org/images/products/890/103/045/6381/1.400.jpg,"CC BY-SA 3.0, Open Food Facts contributors"
COFFEE_100G,COFFEE_100G_1.jpg,8901030774980,Bru Green Label 100 g,https://images.openfoodfacts.org/images/products/890/103/077/4980/1.400.jpg,"CC BY-SA 3.0, Open Food Facts contributors"
CHIPS_52G,CHIPS_52G_1.jpg,8901491101837,Lay's Classic Salted 50 g,https://images.openfoodfacts.org/images/products/890/149/110/1837/1.400.jpg,"CC BY-SA 3.0, Open Food Facts contributors"
CHIPS_52G,CHIPS_52G_6.jpg,8901491101837,Lay's Classic Salted 50 g,https://images.openfoodfacts.org/images/products/890/149/110/1837/6.400.jpg,"CC BY-SA 3.0, Open Food Facts contributors"
BISCUIT_200G,BISCUIT_200G_1.jpg,0901063139213,Britannia Bourbon 150 g,https://images.openfoodfacts.org/images/products/090/106/313/9213/1.400.jpg,"CC BY-SA 3.0, Open Food Facts contributors"
BISCUIT_200G,BISCUIT_200G_front.jpg,0901063139213,Britannia Bourbon 150 g,https://images.openfoodfacts.org/images/products/090/106/313/9213/front_en.11.400.jpg,"CC BY-SA 3.0, Open Food Facts contributors"
NAMKEEN_200G,NAMKEEN_200G_1.jpg,8904004400731,Haldiram's Aloo Bhujia 200 g,https://images.openfoodfacts.org/images/products/890/400/440/0731/1.400.jpg,"CC BY-SA 3.0, Open Food Facts contributors"
NAMKEEN_200G,NAMKEEN_200G_10.jpg,8904004400731,Haldiram's Aloo Bhujia 200 g,https://images.openfoodfacts.org/images/products/890/400/440/0731/10.400.jpg,"CC BY-SA 3.0, Open Food Facts contributors"
COLA_750ML,COLA_750ML_2.jpg,3948764012273,Coca-Cola 750 ml,https://images.openfoodfacts.org/images/products/394/876/401/2273/2.400.jpg,"CC BY-SA 3.0, Open Food Facts contributors"
COLA_750ML,COLA_750ML_front.jpg,3948764012273,Coca-Cola 750 ml,https://images.openfoodfacts.org/images/products/394/876/401/2273/front_en.7.400.jpg,"CC BY-SA 3.0, Open Food Facts contributors"
JUICE_1L,JUICE_1L_1.jpg,4796008920049,Real Mixed Fruit Juice 1 L,https://images.openfoodfacts.org/images/products/479/600/892/0049/1.400.jpg,"CC BY-SA 3.0, Open Food Facts contributors"
JUICE_1L,JUICE_1L_3.jpg,4796008920049,Real Mixed Fruit Juice 1 L,https://images.openfoodfacts.org/images/products/479/600/892/0049/3.400.jpg,"CC BY-SA 3.0, Open Food Facts contributors"
JUICE_1L,JUICE_1L_6.jpg,4796008920049,Real Mixed Fruit Juice 1 L,https://images.openfoodfacts.org/images/products/479/600/892/0049/6.400.jpg,"CC BY-SA 3.0, Open Food Facts contributors"
WATER_1L,WATER_1L_1.jpg,3948764082764,Schweppes Packaged Drinking Water 1 L,https://images.openfoodfacts.org/images/products/394/876/408/2764/1.400.jpg,"CC BY-SA 3.0, Open Food Facts contributors"
CORNFLAKES_475G,CORNFLAKES_475G_1.jpg,8901499008190,Kellogg's Corn Flakes 475 g,https://images.openfoodfacts.org/images/products/890/149/900/8190/1.400.jpg,"CC BY-SA 3.0, Open Food Facts contributors"
CORNFLAKES_475G,CORNFLAKES_475G_6.jpg,8901499008190,Kellogg's Corn Flakes 475 g,https://images.openfoodfacts.org/images/products/890/149/900/8190/6.400.jpg,"CC BY-SA 3.0, Open Food Facts contributors"
OATS_1KG,OATS_1KG_1.jpg,8902710100150,Bagrry's White Oats 1 kg,https://images.openfoodfacts.org/images/products/890/271/010/0150/1.400.jpg,"CC BY-SA 3.0, Open Food Facts contributors"
OATS_1KG,OATS_1KG_3.jpg,8902710100150,Bagrry's White Oats 1 kg,https://images.openfoodfacts.org/images/products/890/271/010/0150/3.400.jpg,"CC BY-SA 3.0, Open Food Facts contributors"
DETERGENT_1KG,DETERGENT_1KG_1.jpg,4987176069696,Ariel Perfectwash 1 kg,https://images.openproductsfacts.org/images/products/498/717/606/9696/1.400.jpg,"CC BY-SA 3.0, Open Products Facts contributors"
SHAMPOO_180ML,SHAMPOO_180ML_1.jpg,8901030929656,Indulekha Bringha Shampoo 340 ml,https://images.openbeautyfacts.org/images/products/890/103/092/9656/1.400.jpg,"CC BY-SA 3.0, Open Beauty Facts contributors"
SOAP_100G,SOAP_100G_1.jpg,8904132945999,Get Real Sandalwood Soap 100 g,https://images.openbeautyfacts.org/images/products/890/413/294/5999/1.400.jpg,"CC BY-SA 3.0, Open Beauty Facts contributors"
SOAP_100G,SOAP_100G_front.jpg,8904132945999,Get Real Sandalwood Soap 100 g,https://images.openbeautyfacts.org/images/products/890/413/294/5999/front_en.4.400.jpg,"CC BY-SA 3.0, Open Beauty Facts contributors"
TOOTHPASTE_150G,TOOTHPASTE_150G_1.jpg,8901314644312,Colgate Herbal Toothpaste 200 g,https://images.openbeautyfacts.org/images/products/890/131/464/4312/1.400.jpg,"CC BY-SA 3.0, Open Beauty Facts contributors"
